{"count":1,"self":52800.6905856,"total":1207254.919294,"children":{"InitializeActuators":{"count":1,"self":0.0019985,"total":0.0019985,"children":null},"InitializeSensors":{"count":1,"self":0.0049995,"total":0.0049995,"children":null},"AgentSendState":{"count":3784783,"self":238.70566399999998,"total":42037.341174199995,"children":{"CollectObservations":{"count":3784783,"self":4.5995988,"total":4.5995988,"children":null},"WriteActionMask":{"count":3784783,"self":3.8831336,"total":3.8831335,"children":null},"RequestDecision":{"count":3784783,"self":10.4665968,"total":41790.1527863,"children":{"AgentInfo.ToProto":{"count":3784783,"self":22.7002448,"total":41779.6861897,"children":{"GenerateSensorData":{"count":3784783,"self":237.3849856,"total":41756.9859447,"children":{"CameraSensor.GetCompressedObservation":{"count":3784783,"self":41503.372083199996,"total":41503.370543,"children":null},"RayPerceptionSensor.Perceive":{"count":3784783,"self":16.2304176,"total":16.2304182,"children":null}}}}}}}}},"DecideAction":{"count":3784783,"self":1108533.2611072,"total":1108533.2597343998,"children":null},"AgentAct":{"count":3784783,"self":3871.4609664,"total":3871.4607727999996,"children":null},"AgentInfo.ToProto":{"count":10001,"self":0.0389351,"total":12.156840899999999,"children":{"GenerateSensorData":{"count":10001,"self":0.4116872,"total":12.117905799999999,"children":{"CameraSensor.GetCompressedObservation":{"count":10001,"self":11.6901104,"total":11.690110599999999,"children":null},"RayPerceptionSensor.Perceive":{"count":10001,"self":0.016108,"total":0.016108,"children":null}}}}}},"gauges":{"CarAgent.CumulativeReward":{"count":10001,"max":1380.99207,"min":-1754.70569,"runningAverage":27.4216938,"value":-175.500076,"weightedAverage":-112.7262}},"metadata":{"timer_format_version":"0.1.0","start_time_seconds":"1705136010","unity_version":"2021.3.26f1","command_line_arguments":"D:\\mltest\\231126_build\\230526_project.exe --mlagents-port 16305","communication_protocol_version":"1.5.0","com.unity.ml-agents_version":"2.3.0-exp.3","scene_name":"230519","end_time_seconds":"1706343265"}}